Topic,Count,Name,Representation,Representative_Docs
-1,211,-1_the_and_you_to,"['the', 'and', 'you', 'to', 'your', 'of', 'that', 'if', 'it', 'he']","['NTA. My girlfriend has hypothyroidism and i know the struggle she goes through dealing with her metabolism, limiting her calories and still dealing with weight gain at times. It’s not your fault. If your boyfriend can’t understand that then I would question whether or not he’s mature enough to be in a committed relationship. I also known the pure and utter fucking misery of working in a call center. That’s a shitty job. I’m now fortunate enough to have my dream job (software engineer) and although it’s much harder overall, it never ever feels that way because I love doing it. Never underestimate the value that loving what you do brings to your ability to power through difficulty and obligation. I would say to OP: - Spend some time thinking about what it is that you could see yourself doing and being happy. We all have to work unfortunately, that’s just life. But that doesn’t mean that we have to hate our jobs. Figure out what that looks like for you and what a first step is towards that journey, and then take it. Don’t do it for your boyfriend, but for you. - if you aren’t already, I would highly encourage you to see a doctor for your thyroid condition. There is medication that Can help regulate your thyroid hormone levels and also control some of the more painful side effects. Prior to getting on her medication, my girlfriend dealt with hair loss, chronic fatigue, nausea, among others. - as for your boyfriend, his behavior sucks right now. He may feel some resentment because in his mind he is contributing more than you are, but to be honest, relationships go like that sometimes. The key thing is support. Do you feel supported by him to take positive steps in your life or do you feel like he criticizes you? The difference between those two will be very telling about the future of your relationship. Ideally, when things are unequal in terms of contributions, the partner that is contributing more is supportive because there is trust that the other person means well and is working towards something better or dealing with something temporary.', 'NTA. My girlfriend has hypothyroidism and i know the struggle she goes through dealing with her metabolism, limiting her calories and still dealing with weight gain at times. It’s not your fault. If your boyfriend can’t understand that then I would question whether or not he’s mature enough to be in a committed relationship. I also known the pure and utter fucking misery of working in a call center. That’s a shitty job. I’m now fortunate enough to have my dream job (software engineer) and although it’s much harder overall, it never ever feels that way because I love doing it. Never underestimate the value that loving what you do brings to your ability to power through difficulty and obligation. I would say to OP: - Spend some time thinking about what it is that you could see yourself doing and being happy. We all have to work unfortunately, that’s just life. But that doesn’t mean that we have to hate our jobs. Figure out what that looks like for you and what a first step is towards that journey, and then take it. Don’t do it for your boyfriend, but for you. - if you aren’t already, I would highly encourage you to see a doctor for your thyroid condition. There is medication that Can help regulate your thyroid hormone levels and also control some of the more painful side effects. Prior to getting on her medication, my girlfriend dealt with hair loss, chronic fatigue, nausea, among others. - as for your boyfriend, his behavior sucks right now. He may feel some resentment because in his mind he is contributing more than you are, but to be honest, relationships go like that sometimes. The key thing is support. Do you feel supported by him to take positive steps in your life or do you feel like he criticizes you? The difference between those two will be very telling about the future of your relationship. Ideally, when things are unequal in terms of contributions, the partner that is contributing more is supportive because there is trust that the other person means well and is working towards something better or dealing with something temporary.', 'NTA. My girlfriend has hypothyroidism and i know the struggle she goes through dealing with her metabolism, limiting her calories and still dealing with weight gain at times. It’s not your fault. If your boyfriend can’t understand that then I would question whether or not he’s mature enough to be in a committed relationship. I also known the pure and utter fucking misery of working in a call center. That’s a shitty job. I’m now fortunate enough to have my dream job (software engineer) and although it’s much harder overall, it never ever feels that way because I love doing it. Never underestimate the value that loving what you do brings to your ability to power through difficulty and obligation. I would say to OP: - Spend some time thinking about what it is that you could see yourself doing and being happy. We all have to work unfortunately, that’s just life. But that doesn’t mean that we have to hate our jobs. Figure out what that looks like for you and what a first step is towards that journey, and then take it. Don’t do it for your boyfriend, but for you. - if you aren’t already, I would highly encourage you to see a doctor for your thyroid condition. There is medication that Can help regulate your thyroid hormone levels and also control some of the more painful side effects. Prior to getting on her medication, my girlfriend dealt with hair loss, chronic fatigue, nausea, among others. - as for your boyfriend, his behavior sucks right now. He may feel some resentment because in his mind he is contributing more than you are, but to be honest, relationships go like that sometimes. The key thing is support. Do you feel supported by him to take positive steps in your life or do you feel like he criticizes you? The difference between those two will be very telling about the future of your relationship. Ideally, when things are unequal in terms of contributions, the partner that is contributing more is supportive because there is trust that the other person means well and is working towards something better or dealing with something temporary.']"
0,184,0_she_her_you_nta,"['she', 'her', 'you', 'nta', 'and', 'to', 'social', 'be', 'that', 'it']","['NTA - What?! My first instinct is to say your gf is a petty little bitch, but because I like to give people the benefit of the doubt I thought about it further. Maybe the reason she enjoys the relationship is because she appreciates the dynamic of you being the quiet introvert which allows her to shine. She, being an introvert herself, may feel like it makes her seem more outgoing when with someone much more introverted and because you finally found a situation in which you came out of your shell, she in turn felt like she then came off as the anxiety ridden introvert she’s been trying not to be. Regardless, this is her problem, not yours. She needs to recognize that the emotions she felt have to do with her own self esteem and you aren’t responsible for making her feel bad. Bottom line, you should never have to hold yourself back to make someone else feel more confident. Next time she leaves a social gathering feeling bad about herself she needs to look in the mirror and figure out how to navigate that rather than pointing the finger at you. You did nothing wrong. As a fellow social Neanderthal I commend you for finding the courage to join in the conversation. Your gf needs to learn how to support you in this rather than hold you back. My husband encourages me to be more outgoing as any partner should. ', 'NTA. I would have been so proud of you. You did nothing wrong and you shouldn\'t feel reluctant to go to other meet-ups. But perhaps you could join some groups centered around your own interests and go without her. The nice thing about meeting strangers is that they don\'t know you\'re supposed to be ""a social Neanderthal"" and you can try on a more social self when around them. Also, based on your account here, it doesn\'t sound like you don\'t understand social etiquette. I wonder how you developed some of these ideas: has someone told you repeatedly you\'re socially inadequate? were you always around idiots who thought making small talk was the epitome of socialization? have you ever had a friend with whom you could talk for hours? I used to think I was charmless and introverted because I\'d never enjoyed large gatherings and the sort of pointless chatter which dominates them. Now I can do it easily if necessary, but it bores me to death. However, at some point, I realized I was very good at talking to people one-on-one, including those who didn\'t normally communicate much, and that I could keep a conversation going with anyone. I still think of myself as being closer to the introverted end of the spectrum, but I don\'t see it as a bad thing: I choose my social encounters carefully and don\'t waste energy on those I know I don\'t personally enjoy. I\'ll be honest: I don\'t like your girlfriend\'s reaction. I don\'t like the fact that maybe she uses you to feel good about herself and that she resented you for having a successful evening. I don\'t like the way she made it all about herself, when she should have been glad to see you come out of your shell and make a good impression on other people she likes. This deserves a conversation, but not one in which you\'re endlessly apologizing just to appease her.', 'NTA It seems to me that she\'s dating you BECAUSE you have anxiety. It sucks that people glorify mental illness, but many people want someone who they feel bad for, because it makes them seem like a better person then they really are. They want the reassurance of knowing their partner is not as social as them and therefore, will not be able to find anyone better, or find friends. Think about it, if you have friends that means she gets less attention. I have social anxiety too, and it\'s very clear that this is abuse. If she loved you, she would encourage you to be the best version of yourself. Instead, she wants you to be quiet enough so that you are dependent on her. In order to do this, she makes you feel as if you have done something wrong socially because she KNOWS it will hurt you and push you back into isolation. I had a friend of mine who did this, she would look at me as if I was talking too much and would criticize anything I said because she was afraid I was getting too much attention. She went on to spread rumors about me that I ""wasn\'t really shy"" because in her mind, if I was shy, I could never contribute to a conversation as much as she did. She was only friends with me because she wanted friends who accepted her as the dominant ""Regina George"" ""above everyone else"" type-girl. That ended up pushing me into the worst isolation I\'ve ever been in in my life, I spent my last 3 years of high school sitting alone and not talking or engaging with anyone. That was exactly what she wanted, and it messed me up so much I needed therapy. I felt my opinions were not wanted. And even now, I\'m in college, have new friends and a job that I love, but I am still constantly worried that people dont like me.']"
1,96,1_chris_they_family_for,"['chris', 'they', 'family', 'for', 'son', 'the', 'you', 'to', 'food', 'and']","['NTA. The kid said he was hungry and you responded on the fly. Idk exactly how it was said, I just know you felt like you couldn’t ignore the comment. The dad pushing it further and saying, “Not really” or whatever was kind of awkward. I get why your response was a bit awkward. What the heck were you supposed to say? Some people are telling you what you said was wrong, but not giving an alternate answer because they don’t have one. Others are telling you what you should’ve said when they have had time to think about it and don’t feel pressured. You aren’t a jerk for not feeding them. You aren’t a jerk for what you said. Even if people want to deny it, they have had many time when they didn’t know what to say! Now, I get that it made you feel awkward, but saying Chris should come over less because of that is silly. I 100% understand wanting to avoid feeling awkward. However, I’d only worry about it if it happens again. The way I was raised, what they did was really rude. Pulling the parents aside and discussing it might offend them. That could hurt their friendship. I’ve learned people aren’t very receptive to directness. Having Chris come over less doesn’t mean this will never happen again. I will say I don’t think it will though. Don’t change how much Chris comes over. Now that you have some ideas of how to respond use them next time, IF it happens. I did see some good responses. Offering a snack is a good move if you’re specific about what you have to offer. I want to add, you could just let the parents respond to the child. If I said, “I’m hungry.” My mom would probably tell me we’ll eat when we get home, and tell me to be patient. You’re not a jerk, it was just a weird situation. ', 'YTA. Hungry people came to your house, one of them is a friend of your son. You could have fed them but decided not to and then took steps to ensure that their son is no longer welcome at your house because he’s hungry. How dare he be a hungry child in your presence?! When he grows up he could’ve had an amazing story about his friend’s house where he could get a good meal when his family was going through some hard financial times and he was going hungry often. Now he will have a story about feeling like a burden on some lady because he was hungry and that his family was sent away hungry and disinvited from going back to his “friend’s” house afterwards... because he was guilty of being hungry. Things you could’ve done instead: 1- fed them all and made them feel welcome 2- made some more food to ensure everyone could eat, get to know them better. 3- give them some money for take out or groceries. 4- order food in or have it delivered to their house. 5- discuss with their parents about if they’re having financial difficulties and see if you can help them find a job or point them in the direction of resources to help them get food. We had a house in our town where kids knew they could go if they were hungry. My buddy’s mom would feed anyone and everyone who walked through their door. They were not rich (far from it) and they had 6 boys of their own on a $30,000 a year salary. But she ALWAYS fed every single person who stopped by. Dozens of kids have grown up with nothing but fond memories of this house and the love and kindness they felt there. There are very few worse things I can think of that we can do to our fellow beings than sending them away hungry. Especially if you have more than enough. To top it off, ensuring that their son is no longer welcome at your house in order to prevent you from feeling put out again just makes me cringe. Disgusting behavior. I hope you’re never in a position like they are now, but maybe then you’d learn something. But I doubt it. You are definitely the ass hole. I hope your kids grow up to treat others better than their mom does. I’d be ashamed of my mother if she did this. ', 'YTA. Not for not feeding them - in fact, from your story, there doesn\'t even seem to be any indication you were even *asked* to feed anyone - but how you handled it. Seriously... you sound like not only an asshole, but some real next-level pretentious classist. They were never in there for food first of all, they just were picking up Chris and wanted to use the bathroom. All they did was comment on the aroma (a comment made by a CHILD), and your mind immediately got all defensive and panicky and jumped to conclusions. If I was just popping in somewhere to use the bathroom and there was a great smell in the air, sure if it was that good I\'d probably comment on it. Doesn\'t mean I\'m asking for anything, was probably just saying ""damn, Chris\'s friend\'s mom must be a good cook!"" A mere *complement* from a child had you all flustered. Let that sink in for a second. > As they were waiting one sibling commented on hungry they were. Again, said by a child, not a parent - probably just telling the parents they want to go home and eat rather than stick around and be chatty. When I was a kid my parents had a tendency to be chatty when we\'re on our way out from somewhere while I would patiently wait for them to finish. ""Mommy, this smell is making hungry let\'s go home"". > I diplomatically said that ""well I\'m sure you parents have a nice dinner planned for you"" as I definitely had not cooked for another four people to join us. > The father replied ""not really"" and looked away. > I said ""well take out it is then.. perhaps you should get moving since the kids are hungry."" and ushered them to the door. This is where your true colors start to show. Literally NO ONE asked you for anything, and you kinda put the parents in an awkward position with that comment when all they were doing was waiting for their kid to finish in the bathroom. > Since then I\'ve told my son that he may be better off meeting Chris and hanging out elsewhere rather than bringing him home so much (four visits to one per week) or even going to his place as I don\'t want a repeat of Chris\' family here on my doorstep. Holy shit, THIS is where you sound like a real asshole, adding insult to injury like that when Chris didn\'t even do anything. Imagine how he would feel when your son tells him that. You ""don\'t want a repeat of Chris\'s family on the doorstep""... when all they did was say hello while wait for their kid in the bathroom? Even after Chris has been coming over for a while previously with no trouble whatsoever? Parents come in to say hi sometimes when picking their kid up from a playdate, why shouldn\'t they? Also, why is \'going to his place\' included? Afraid of their family\'s \'inferiority\' and poor-ness \'rubbing off\' on your son? Honestly, based on how you constantly describe Chris and his family in this story as being ""poor"" and ""not well off"" several times, it seems like you look down on them and view them as inferior to the point of resentment and repulsion, and the egregious conclusions you jumped to that they were trying to \'mooch\' off you just adds to that. Taking all that into account, along with your need to add insult to injury by laying down the law with your asinine restrictions on your son\'s hangout time with Chris alone, it also seems like their presence in your house *offends* you because of how \'inferior\' they are and unworthy of having anything to do with you, much less set foot in the presence of Your Royal High-class-ness, and why it triggered that knee-jerk reaction and assumption. Lucky for you though, if Chris\'s parents have any self-respect, they probably don\'t wanna be anywhere near you either after how reprehensibly you treated them. So, congratulations. Seriously how are there so many NTA comments']"
2,56,2_kids_them_children_religion,"['kids', 'them', 'children', 'religion', 'raise', 'to', 'you', 'your', 'be', 'she']","[""NTA Sister knows your views and if she wants you to raise her kids then should be making things as easy as possible for you to do so. Just the burden of raising 3 extra kids is more than I could ever expect someone to do for me. I would also only ask someone that I felt would raise them how I would like them to be raised. Either your sister thinks you will raise her children well or she doesn't. If she does, then she should respect the way you feel is best to do so and if she doesn't then she should find someone that she feels comfortable with. Although, this could be an ESH as you could just let a dying woman feel like she gets what she wants and then raise the kids however you want anyway..."", 'NTA: You want to raise these kids no strings attached. That’s more than fair. Bottom line this is about money, and nothing else. That’s okay, kids cost a lot. It’s a reasonable thing to be cautious about. The devil’s in the details, and that’s a lot of money. I’d want that stipulation removed as well. Could you use that money to get them birth control? What if they decide religion doesn’t have a place in their lives? Will that money just vanish since they aren’t being raised “properly?” All that is a hornet’s nest of fucked up legal stuff. I wouldn’t want to deal with that (on top of the other legal stuff it takes to adopt) either. If I were you I’d try to find a way to secure that money for the kids (it’s not only the right and ethical thing to do, but it sounds like you have everything else taken care of anyway). I would happily adopt the kids, and see about getting them grief counseling as well as family therapy for all of you. The idea being that you all seamlessly fit into each other’s lives and any bumps along the way becomes grounds for resentment. If the kids are hyper religious, respect that. Also inform them that you or your family won’t be preached to, talked down to, and you won’t tolerate any bigotry. Lay your ground rules, but allow them to express themselves in their religion. If they want to go to church every Sunday, take’em. If they want to sit at home, eat chocolate frosted sugar bombs, and watch cartoons, that’s fine too. Don’t tell them atheists are respectful and, generally good people. Show them. Prove it day in and day out. Eventually someone will say atheists are terrible and awful, and they’ll say to themselves “wait....OP is an atheist and so is his family. They aren’t like that at all. This guy has no idea what he’s going on about.” ', 'YTA - 10 weeks left to live and you put her in this position. Why can\'t you let the girls learn about religion? It is obviously important to their mom. Just because you don\'t believe doesn\'t mean it will hurt them to. Besides, it will help the grieving children to know their mom is in heaven. If you tell them this isn\'t real or you don\'t believe in it, you could seriously traumatize them. You won\'t teach them religion which will give you the funds to care for them, and you won\'t ""waste"" your own money on them. What a crappy brother! I understand why your family made you the black sheep. There have been atheists who raised other people\'s children catholic/jewish/etc. because that is what the passing parents believed. Just because they believe doesn\'t mean you have to. Just put them in a once a week religion class, and you wouldn\'t really even have to discuss it much. Just don\'t tell children who think their mom is in heaven that there isn\'t one, you will destroy them! (somebody said this once to a kindergardener in my class who said her dad was in heaven. The girl was devastated for weeks thinking her father was just in a whole in the ground rotting. DO NOT DO THIS TO THE KIDS just because you hate religion. I can\'t believe you would allow relatives to end up in the foster system just because you think religion is foolishness and don\'t want the kids raised that way. And to tell someone who is at deaths doorstep, who has nothing but religion to hold onto at this point, that you would actually put her children in foster care. What a crappy evil person you are! Hell, I\'m catholic and love children! Send me the kids and the estate money and I will raise them the way the mom wants and make sure they are happy and well taken care of! ']"
3,52,3_yta_sub_unbelievable_resolved,"['yta', 'sub', 'unbelievable', 'resolved', 'invasion', 'insensitive', 'shp', 'ask', 'privacy', 'many']","['YTA ', 'YTA', 'YTA']"
4,46,4_party_family_birthday_your,"['party', 'family', 'birthday', 'your', 'first', 'the', '750', 'work', 'wife', 'remember']","[""I think YTA but only mildly so (because I think everyone understands wanting to look good at work and advance). yes, your son won't remember it, but it's also his first birthday party. It's not unreasonable of your wife to want you to let your boss know this is a prior engagement that you can't miss. also, this part honestly rubs me the wrong way a little bit: >Frankly I feel like this party is for her rather than my son. Shown only more so by the fact that the overwhelming majority of the people invited are her side of the family and her girlfriends. If it was truly for my son, who will have no memories of this event, then surely the other side of his family would have been given more thought. so...get involved and talk to your wife about the guest list? You have agency and two hands, text your family and friends and invite them? is your wife *refusing* to allow you to invite your side of the family, or...? **Edit:** and I agree with people who point out that dropping something as important as your son's first birthday party to fill a shift at work might not make you look like a great candidate for advancement - rather, it might end up just making you look like a pushover, a patsy. Now that kind of thing is obviously highly dependent on the unique interpersonal dynamics of your workplace, and it may *not* be the case here - but I've seen situations like yours play out like that. "", ""YTA, if you wanted your friends and family there you should have invited them, it's not just up to the mum to sort it out. You have to decide whats more important to you on that day I. E. your work or family, your son won't actually remember this party so he's not going to be dissapointed, but your wife and family will be. What time is the party? It's pretty incredible all those people got time off for your son's first birthday, kudos to your wife it might not be possible to get them all there if you change the time. "", 'NTA - it’s reasonable for you to want to be a good employee and impress your boss. This is an opportunity for better things to come and more security for your family. The fact that your wife can’t see the bigger picture and the implications of your actions beyond this one party is unfair. Also, I don’t know why everyone keeps stressing FAMILY FIRST as if that’s always right. It’s not. You have to take each decision as it comes and this is a fair one to deliberate. It’s potentially a chance to show your work you are enthusiastic, dedicated, and reliable...and that means a fucking lot! It gives you more grounds to ask for a raise or set your own path etc etc....Sorry reddit, work matters and family can’t trump work 100 percent of the time. 😬 Your wife enjoys the benefits of you working (paycheck to live) so she should fully support you keeping that part of your life as healthy as possible...because none of you can eat if you don’t! Within reason of course!!!! Also, you’re still showing up to the party, just a bit later. She can still have her all day party and mingle all she wants without you there; why does she care if you come later? You guys don’t need to change the party time to accommodate your work. Try to get her to express what she REALLY WANTS out of this party. I’m pretty sure your presence is lower in the totem pole than just having a successful party. I can relate to your wife because I get attached to a thing I want to do too and get mad about plans changing. The changing of plans ALWAYS BOTHERS ME. But I’ve learned over time that it just adds stress and unhappiness and there is no reason to be attached to things happening a certain way sooooooo much that it’s going to ruin my mood all day. Just roll with the punches man. I struggle to keep this perspective but when I do, my life is a lot easier. ']"
5,42,5_nta_06_gif_http,"['nta', '06', 'gif', 'http', 'dish', 'canada', 'reactiongifs', 'peterson', 'jordan', 'soup']","['NTA', 'Nta', 'NTA']"
6,40,6_nta_people_driving_he,"['nta', 'people', 'driving', 'he', 'any', 'it', 'business', 'job', 'tyrant', 'professionalism']","[""NTA - you've given good business for years, and one punk employee wants to mess that up. He's either an idiot causing an issue because he doesn't know any better, or he's a petty tyrant (and from your description the latter). Some people literally can't have any measure of power at all. He feels like our Orange in Charge."", ""NTA - you've given good business for years, and one punk employee wants to mess that up. He's either an idiot causing an issue because he doesn't know any better, or he's a petty tyrant (and from your description the latter). Some people literally can't have any measure of power at all. He feels like our Orange in Charge."", ""NTA - you've given good business for years, and one punk employee wants to mess that up. He's either an idiot causing an issue because he doesn't know any better, or he's a petty tyrant (and from your description the latter). Some people literally can't have any measure of power at all. He feels like our Orange in Charge.""]"
7,34,7_he_essay_it_you,"['he', 'essay', 'it', 'you', 'thesis', 'criticism', 'him', 'paragraphs', 'points', 'just']","['NTA My friends and I share essays all the time for input and we tear each other apart. No one minds or gets defensive because it makes us better writers. In the future, try sharing it as a Google Doc on suggestion mode so that you can mark a paper with specific suggestions for change and aren\'t really forced to make overall judgement calls like ""you should rewrite this."" My holy grail resources for editing are the *Rodale Synonym Finde*r and Strunk and White\'s *Elements of Style*. Also, there is no way to write a meaningful argumentative essay on feminism in three paragraphs. If the writing sample he is being asked to supply is supposed to be this short, they might be looking for a personal narrative rather than an argumentative essay. (Especially for a getting-to-know-you application).', 'NTA My friends and I share essays all the time for input and we tear each other apart. No one minds or gets defensive because it makes us better writers. In the future, try sharing it as a Google Doc on suggestion mode so that you can mark a paper with specific suggestions for change and aren\'t really forced to make overall judgement calls like ""you should rewrite this."" My holy grail resources for editing are the *Rodale Synonym Finde*r and Strunk and White\'s *Elements of Style*. Also, there is no way to write a meaningful argumentative essay on feminism in three paragraphs. If the writing sample he is being asked to supply is supposed to be this short, they might be looking for a personal narrative rather than an argumentative essay. (Especially for a getting-to-know-you application).', 'NTA My friends and I share essays all the time for input and we tear each other apart. No one minds or gets defensive because it makes us better writers. In the future, try sharing it as a Google Doc on suggestion mode so that you can mark a paper with specific suggestions for change and aren\'t really forced to make overall judgement calls like ""you should rewrite this."" My holy grail resources for editing are the *Rodale Synonym Finde*r and Strunk and White\'s *Elements of Style*. Also, there is no way to write a meaningful argumentative essay on feminism in three paragraphs. If the writing sample he is being asked to supply is supposed to be this short, they might be looking for a personal narrative rather than an argumentative essay. (Especially for a getting-to-know-you application).']"
8,33,8_he_his_and_is,"['he', 'his', 'and', 'is', 'him', 'the', 'your', 'parenting', 'to', 'of']","['NTA I am always amazed at the shame people accept as punishment for ""snooping"" on their children\'s electronics, when their intuition or their childs actions prompt them to do so....And they find incriminating evidence of wrong doing. There is no shame in protecting their self-worth, self-respect, your families emotional well-being and the obvious boundaries in any family relationship not to mention the need to discover when a child is headed down a dark path or is showing hidden mental instability....nobody else will do it for you...and obviously you have discovered your child cannot be trusted to hold steady. It happens all the time. In my household we have an open electronics policy. That is the true test of trust. There is nothing I don\'t know about my entire families social media, and the same goes for me. It\'s the only way to be. If your loved ones won\'t let you go thru their phone or their computer then they are hiding something from you. Totally unacceptable in today\'s predatory world where the most egregious of horrors can invade your inner sanctum via the internet, twisting young minds. I have been where you are. My child was selling heroin via his computer and phone to the neighborhood kids. I thought he was just popular. He was 13 years old. I found his stash of money under his bed one day. A shit load of bucks. I knew it wasn\'t from mowing grass, so I went thru his computer. Figured it out pretty quick. If I didn\'t put the hammer down, and put it down hard...my son would have ended up living a life of crime, in jail or worse. I didn\'t smash his electronics, I completely removed all electronics from our home. I was the only person who had a phone. He went back to the stone age. He hated my guts, made our lives miserable for a few years. But with therapy, new friends, lots of extracurricular activities, a tutor, and patience..God the patience...he has become a person to be proud of. And yes, he eventually earned the PRIVILEGED of using a computer and having a phone again. As a father, you must stand your ground. You cannot change his thought process, it is learned from his internet use and the people he associates with. He needs intensive therapy (yes, I would suggest a male), new and a better quality of friends, more involvement from you as a role model...and no access to any electronics without your ass being right next to him. And no, he does not NEED a phone. No gaming either. Discover your neighborhood library instead. Good Luck! &#x200B; &#x200B;', 'NTA ""Dad, enough. No - stop. This is the last time I am saying this. Do not comment on our parenting again. You had your children, your time is over. This is not your child. If you criticise us again, you\'ll be treated like the stubborn toddler you\'re behaving like, and will be put in Time Out. That means you won\'t see B for 6 weeks. You do it again after that, I\'ll make it 3 months, you do it a third time, it\'ll be a year. Do you get the message? I\'ve had enough. Knock it off. This conversation is over, I will not discuss it again, and I\'m not interested in hearing your opinion on my ""generation"", either. We\'re the parents, you have no place here."" No more JADE. I\'m presuming you\'ve Justified, Argued, Defended and Explained until you\'re blue in the face, and it\'s done absolutely nothing to change his behavior. So stop doing it, and put your foot down. It stops, now, and that\'s the end of it, and too bad of he doesn\'t like it. >My mum says that he\'s just stubborn and set in his ways And bully for him but this is how you are and wouldn\'t it be fun if your mother put as much effort into changing his behavior as she does trying to change yours. Just because she enables his nonsense doesn\'t mean you have to.', 'NTA ""Dad, enough. No - stop. This is the last time I am saying this. Do not comment on our parenting again. You had your children, your time is over. This is not your child. If you criticise us again, you\'ll be treated like the stubborn toddler you\'re behaving like, and will be put in Time Out. That means you won\'t see B for 6 weeks. You do it again after that, I\'ll make it 3 months, you do it a third time, it\'ll be a year. Do you get the message? I\'ve had enough. Knock it off. This conversation is over, I will not discuss it again, and I\'m not interested in hearing your opinion on my ""generation"", either. We\'re the parents, you have no place here."" No more JADE. I\'m presuming you\'ve Justified, Argued, Defended and Explained until you\'re blue in the face, and it\'s done absolutely nothing to change his behavior. So stop doing it, and put your foot down. It stops, now, and that\'s the end of it, and too bad of he doesn\'t like it. >My mum says that he\'s just stubborn and set in his ways And bully for him but this is how you are and wouldn\'t it be fun if your mother put as much effort into changing his behavior as she does trying to change yours. Just because she enables his nonsense doesn\'t mean you have to.']"
9,32,9_trans_herself_she_label,"['trans', 'herself', 'she', 'label', 'her', 'yta', 'to', 'girl', 'identity', 'is']","[""NTA if her goal is to be female, and she has made progress towards it then at someppint she needs to drop the trans tag. Now thats not to say she shouldn't mention it at all! The transition will always be a part of her life and if brought up in conversation she should feel as if she is able tofreely talk about it. However to label herself as a 'trans girl' would suggest to me and anyone else talking to her that she still doubts it! She should talk about herself as what she percieves herself as or wants to be. I ask the open question: if you have put in all that work to get into an identity and body you truly feel comfortable with, wouldn't you want everyone to know you simply by the gender you've transitioned into?"", ""NTA - I'm trans-male, meaning I'm transitioning from Female to Male. I am not A trans male though, I'm a male. I don't like when people obsess over the trans part. Trans just means transitioning genders. Which can be important to people but it doesn't need to be their entire identity. They're transitioning to female, cool, great, they don't need to bring up the fact that they're trans all the time when it's an obvious fact and everyone already knows. It kind of sounds like they're more trying to convince themself than anything else. Edit: She does need to specify that she's trans female when it comes to meeting new people though, especially potential romantic partners, because it could be dangerous for her otherwise. However, if she's mostly doing it in the friend group/around people who already know then my original statement still stands"", 'Mildly YTA. I can understand why you would think what you thought. If she is constantly saying she isn\'t ""_enough_ like a girl,"" then sure, from your perspective it looks like adding the trans label would be distancing herself from what she says she wants to be. When she\'s identifying who she is, the trans label is present, front and center; when she is discussing what she feels she isn\'t enough like, the trans label is conspicuously absent. You\'re not crazy for noticing that disconnect, in the context that she is constantly talking about it from that angle. That said, however, I would suggest you don\'t try to counsel her on what to label herself. That\'s her job, not yours. She has to figure it out her labels for herself; you don\'t have to advise her. I don\'t think you would be an asshole if you told her, ""okay, I don\'t understand, because I\'m not going through what you are. But it\'s not okay to swear at me over not understanding. You expect me to be civil to you, I expect the same. If you keep blasting me with profanity I\'m not going to be willing to discuss it with you. If you keep accusing me of not actually being your friend, eventually I will agree with you. ""']"
10,29,10_school_dad_your_hard,"['school', 'dad', 'your', 'hard', 'life', 'friends', 'girls', 'stuff', 'in', 'little']","[""YTA, but not a huge one. It's expected at your age. Your dad is busting his ass to provide a life for you, and sending you to an expensive private school. He cares about his daughter and wants to provide her the best possible opportunities. He sounds like an old-school Vietnamese guy, my guess is either first or second generation American. Your parents sound like the perfect embodiment of the American dream, tbh - to work hard in order to provide a better life for your kids than you had and to pull yourself up by the bootstraps. In the end, the petty drama of being a teenager will mean nothing. Learn to appreciate what you have. They're mostly doing it for you. Who honestly cares what the spoiled daughters of wealthy people think of your family? You'll get a lot further in life by learning the hard-working and frugal values of your parents than by trying to emulate the vanity of your classmates. As far as smoking, your dad works hard, and if he wants to smoke, if that brings him a little sense of satisfaction, he should be entitled to do it. You'll get through it, and be better for it in the end. Teenagers are stupid, so try not to care what they think so much."", ""YTA, but not a huge one. It's expected at your age. Your dad is busting his ass to provide a life for you, and sending you to an expensive private school. He cares about his daughter and wants to provide her the best possible opportunities. He sounds like an old-school Vietnamese guy, my guess is either first or second generation American. Your parents sound like the perfect embodiment of the American dream, tbh - to work hard in order to provide a better life for your kids than you had and to pull yourself up by the bootstraps. In the end, the petty drama of being a teenager will mean nothing. Learn to appreciate what you have. They're mostly doing it for you. Who honestly cares what the spoiled daughters of wealthy people think of your family? You'll get a lot further in life by learning the hard-working and frugal values of your parents than by trying to emulate the vanity of your classmates. As far as smoking, your dad works hard, and if he wants to smoke, if that brings him a little sense of satisfaction, he should be entitled to do it. You'll get through it, and be better for it in the end. Teenagers are stupid, so try not to care what they think so much."", ""YTA, but not a huge one. It's expected at your age. Your dad is busting his ass to provide a life for you, and sending you to an expensive private school. He cares about his daughter and wants to provide her the best possible opportunities. He sounds like an old-school Vietnamese guy, my guess is either first or second generation American. Your parents sound like the perfect embodiment of the American dream, tbh - to work hard in order to provide a better life for your kids than you had and to pull yourself up by the bootstraps. In the end, the petty drama of being a teenager will mean nothing. Learn to appreciate what you have. They're mostly doing it for you. Who honestly cares what the spoiled daughters of wealthy people think of your family? You'll get a lot further in life by learning the hard-working and frugal values of your parents than by trying to emulate the vanity of your classmates. As far as smoking, your dad works hard, and if he wants to smoke, if that brings him a little sense of satisfaction, he should be entitled to do it. You'll get through it, and be better for it in the end. Teenagers are stupid, so try not to care what they think so much.""]"
11,29,11_parking_manager_employee_the,"['parking', 'manager', 'employee', 'the', 'authorize', 'hotel', 'policy', 'expect', 'extra', 'speak']","['YTA - not for asking to speak to the manager but yes for your entitlement. I would absolutely be frustrated too if it had never been an issue for years and suddenly was, but you have to understand that they were doing you a favor and breaking policy for you in the past and now they are following policy. You can\'t expect every employee to know who you are and it\'s annoying af when people expect special treatment just because you\'ve gotten it in the past. Also, the employee was right. It doesn\'t matter how much you spend at the hotel, parking is a separate fee. You can\'t go to the grocery store and say ""well I spent $25k here last year, so you have to give me that bottle of wine for free!"" It just doesn\'t work that way. Next time, you should *calmly and kindly* ask to speak to the manager and ask why it is an issue after it hasn\'t been for years, don\'t argue with an employee who didn\'t make the rules and has no idea why a random person would get free parking.', 'YTA - not for asking to speak to the manager but yes for your entitlement. I would absolutely be frustrated too if it had never been an issue for years and suddenly was, but you have to understand that they were doing you a favor and breaking policy for you in the past and now they are following policy. You can\'t expect every employee to know who you are and it\'s annoying af when people expect special treatment just because you\'ve gotten it in the past. Also, the employee was right. It doesn\'t matter how much you spend at the hotel, parking is a separate fee. You can\'t go to the grocery store and say ""well I spent $25k here last year, so you have to give me that bottle of wine for free!"" It just doesn\'t work that way. Next time, you should *calmly and kindly* ask to speak to the manager and ask why it is an issue after it hasn\'t been for years, don\'t argue with an employee who didn\'t make the rules and has no idea why a random person would get free parking.', 'YTA - not for asking to speak to the manager but yes for your entitlement. I would absolutely be frustrated too if it had never been an issue for years and suddenly was, but you have to understand that they were doing you a favor and breaking policy for you in the past and now they are following policy. You can\'t expect every employee to know who you are and it\'s annoying af when people expect special treatment just because you\'ve gotten it in the past. Also, the employee was right. It doesn\'t matter how much you spend at the hotel, parking is a separate fee. You can\'t go to the grocery store and say ""well I spent $25k here last year, so you have to give me that bottle of wine for free!"" It just doesn\'t work that way. Next time, you should *calmly and kindly* ask to speak to the manager and ask why it is an issue after it hasn\'t been for years, don\'t argue with an employee who didn\'t make the rules and has no idea why a random person would get free parking.']"
12,27,12_delete_phone_teasing_deleted,"['delete', 'phone', 'teasing', 'deleted', 'asked', 'them', 'learn', 'wouldn', 'stop', 'yta']","[""YTA for violating the privacy of your friend's phone. You should have asked first and made it clear why and how much it meant to you. If they still wouldn't delete them, that would make them a dick. It's understandable that you wanted the pictures deleted, but think of it this way: if someone got hold of your phone and deleted something, or downloaded something, or messed with it, wouldn't you consider that a jerk move regardless of their motivation?"", ""YTA for violating the privacy of your friend's phone. You should have asked first and made it clear why and how much it meant to you. If they still wouldn't delete them, that would make them a dick. It's understandable that you wanted the pictures deleted, but think of it this way: if someone got hold of your phone and deleted something, or downloaded something, or messed with it, wouldn't you consider that a jerk move regardless of their motivation?"", ""YTA for violating the privacy of your friend's phone. You should have asked first and made it clear why and how much it meant to you. If they still wouldn't delete them, that would make them a dick. It's understandable that you wanted the pictures deleted, but think of it this way: if someone got hold of your phone and deleted something, or downloaded something, or messed with it, wouldn't you consider that a jerk move regardless of their motivation?""]"
13,26,13_him_he_like_acting,"['him', 'he', 'like', 'acting', 'his', 'nta', 'to', 'old', 'clean', 'is']","[""NTA you have every right to feel this way. He needs to step up and take care of a few things to keep the house a little more clean. I get it, I'm not the cleanest person but at the same time he needs to understand that a few little things would make you happy and also help around the house. To me it sounds like you guys need to sit down and have a conversation about it before it gets to both of you. Let him have some small victories such as maybe paper plates at the computer. But also give some responsibility to pick up his towel and maybe sweep the house. If he has to sweep then he might understand that things not picked up he has to pick them up to sweep."", ""NTA He's right your aren't his mother but he's forcing you to treat him as such by acting like a child. I'm curious how old you two are and if he still has some growing up to do or if this is now a long ingrained pattern of behavior. I would sit down with him and tell him that it bothers you that he calls you his mother because you are being put in a position to act that way. Set some boundaries or rules for the house and if you can't agree it might be time to not live together anymore."", ""NTA. I think this is a big red flag, Sweetie. If you're taking care of him now - just like his mommy - don't kid yourself into thinking that is going to change anytime soon. Especially when you take his attitude into consideration. He clearly doesn't give a shit about cleanliness or neatness and it's very obvious he was raised with no manners whatsoever. He complained that you are treating him like a five year old?? That's because he is behaving like one!! Contrary to what too many women think, you are not going to change him. So you've got a choice. You can take this as a sign and move on without him. Or you can accept the fact that you *ARE* his mommy (and his personal maid) and will be for the rest of his life.""]"
14,25,14_sister_wife_your_x200b,"['sister', 'wife', 'your', 'x200b', 'don', 'way', 'on', 'it', 'you', 'divorce']","[""YTA. It sounds an awful lot like your wife may be depressed. And if this is how she's always been, you really don't get to complain because you knew what you were getting into. If you don't love your wife anymore and/or don't want to stay married, then get a divorce, but don't go after her sister. You will destroy their relationship, wreck your chances at having a decent co-parenting relationship with your wife, and basically it would make you a huge scumbag. Find someone else after you are no longer married."", ""YTA if you're asking whether or not to pursue it. &#x200B; You can't control who you fall in love with, but it's entirely within your control to act or not act on it. You know she doesn't feel the same way and would never betray her sister anyways, so don't put her in that position. Actively work on getting past this and moving on. Doesn't sound like you're terribly in love with your wife, nor are you that interested in helping her work through these things that seems to be dragging her down, so why continue to waste her time? Have a frank conversation with her and look at options on how to proceed either together or separately. Let the sister thing go - it will do you NO favours and damage your relationship with both of them as a result. &#x200B; I have been the sister in this scenario and if there's one thing I ever wished I didn't know in my life it would be that my sister's ex-fiance was fixated on me. It made me feel filthy, it made me question every interactions I'd ever had with him and it made me feel responsible (in a way) for their relationship crumbling- but it didn't (and I see that now and my sister never once made me feel that way- thank goodness). It also destroyed my trust in him and others. I looked at him like a brother and treated him like so -- finding out that he felt an entirely different way about me made me feel violated in a way because I'd allowed myself to trust him and be vulnerable with him. &#x200B; You'll destroy both of them with this information. If you care about them- don't do it. Please."", ""YTA if you're asking whether or not to pursue it. &#x200B; You can't control who you fall in love with, but it's entirely within your control to act or not act on it. You know she doesn't feel the same way and would never betray her sister anyways, so don't put her in that position. Actively work on getting past this and moving on. Doesn't sound like you're terribly in love with your wife, nor are you that interested in helping her work through these things that seems to be dragging her down, so why continue to waste her time? Have a frank conversation with her and look at options on how to proceed either together or separately. Let the sister thing go - it will do you NO favours and damage your relationship with both of them as a result. &#x200B; I have been the sister in this scenario and if there's one thing I ever wished I didn't know in my life it would be that my sister's ex-fiance was fixated on me. It made me feel filthy, it made me question every interactions I'd ever had with him and it made me feel responsible (in a way) for their relationship crumbling- but it didn't (and I see that now and my sister never once made me feel that way- thank goodness). It also destroyed my trust in him and others. I looked at him like a brother and treated him like so -- finding out that he felt an entirely different way about me made me feel violated in a way because I'd allowed myself to trust him and be vulnerable with him. &#x200B; You'll destroy both of them with this information. If you care about them- don't do it. Please.""]"
15,25,15_her_she_it_hoodie,"['her', 'she', 'it', 'hoodie', 'you', 'can', 'don', 'and', 'wears', 'to']","[""YTA!! and causing her mental distress, which could be seen as abusive. this sweater gives her comfort for whatever reason and purposefully hiding it on her is fucked up. you DO NOT get to decide what she wears, she does. you're being controlling by trying to impose what you think she should wear on her. you don't own her. give her back her sweater, hope to god she doesn't break up with your for being an ass and have a REAL conversation about it. no yelling, shouting, belittingling. just a calm, cool convo to figure out what about it gives her comfort/why she feels she needs it. once she explains it, come up with some real compromises if it possible(there might not be one though). if she can't handle being without the sweater and you can't deal with her wearing it you might have to move on."", ""YTA. You are *so* TA. First of all, you don't get to dictate how your girlfriend dresses. That's not how this works. You're not entitled to tell her what to wear or how she's allowed to style her hair or who she's allowed to be friends with, and you're not entitled to forbid her to wear certain things. You're not her fuckin' boss, dude, and you need to deal with this impulse to control her. You said you were afraid it was an ex's hoodie: What if it was? Is she not allowed to keep anything that came from any previous relationships? What about photos of her from when she was seeing someone else? Or clothes she wore while she was dated someone else? Does she have to get rid of those too? Everyone has a past, and hers isn't your property. This kind of insecurity can lead to seriously toxic relationship behaviour if you don't get it in check. Case in point: You stole something that belonged to her, something that she cares a lot about, and then lied and are continuing to lie to her about it. There's something about her that you don't like, and rather than accepting it as part of the cost of being with her or just ending it and moving on with your life, you took it upon yourself to *steal from her*, from this person you claim you care about, and then *lie to her face* about it. Yeah, you're the asshole."", 'YTA. Reasons: 1. You know she feels secure with it, yet 2. you didn\'t give a rat\'s ass and removed it from her, and 3. lied to her about it. 4. You are acting insecure by being scared it is an ex\'s hoodie - so what? Is your relationship that fragile? She chooses to be with you (unless you continue to be an ass, then she might leave you) 5. You don\'t like how she looks in it. Wow. You don\'t get to have a say in what she wears - she\'s your girlfriend, not your Barbie doll. 6. Your positive suggestions to alter it and offer other hoodies was nice, but that\'s like replacing your puppy / trimming it\'s ears for looks and expecting you to be fine with it. Cool move, but a bit ""I know best I\'m trying to help you"" instead of ""I\'m trying to understand and resonate with you, then later we can think about helping"". 7. Upscale dates dressing I can understand - but you still don\'t get to say what she wears. You can even compromise and ask her to rather tie it around her waist than wearing it if she wants. Upscale dates are nerve-wrecking as heck and I understand the comfort needed. &#x200B; Honestly, I don\'t understand the fuss. This shouldn\'t even be an issue. She might have a real reason for it, like it being her dad\'s or brother\'s who passed on and not ready to talk about it. Over time, if your relationship lasts, I would suggest getting to know more about the hoody, and why she is so attached to it. And I don\'t mean that in a screaming-match way. I mean it in a way that - after you stopped bugging her about it constantly for a while - you ask, something along the lines of ""So, we never got to the story behind the hoody? You really like it, huh? / So, comforting, huh? I can see it makes for a nice blanket... what else do you like about it?"" in a nice, loving, inquisitive, friendly, maybe with a tad of joking tone. It is important to show that you really are fine with her liking it now and came to accept it as part of her - she might actually open up to you then, as she will actually trust you. Then, over time she might even need it less as you become her comfort and happy zone, but that will take time. ']"
16,23,16_mom_your_embarrassed_smoking,"['mom', 'your', 'embarrassed', 'smoking', 'age', 'normal', 'family', 'but', 'see', 'is']","[""YTA. But we were all like that at your age. That being said, I'm sure your dad is hustling and working hard to make a better life for you. Catholic school is expensive! Your family is making a huge sacrifice. It's fine to be embarrassed about the smoking, but never, ever, ever be embarrassed about someone working to make money. Reselling merchandise for a profit isn't shady. Be proud of your family and who you are. The other girls at school are assholes, too, and are gonna judge you no matter what you do. "", ""YTA. But we were all like that at your age. That being said, I'm sure your dad is hustling and working hard to make a better life for you. Catholic school is expensive! Your family is making a huge sacrifice. It's fine to be embarrassed about the smoking, but never, ever, ever be embarrassed about someone working to make money. Reselling merchandise for a profit isn't shady. Be proud of your family and who you are. The other girls at school are assholes, too, and are gonna judge you no matter what you do. "", ""YTA. But we were all like that at your age. That being said, I'm sure your dad is hustling and working hard to make a better life for you. Catholic school is expensive! Your family is making a huge sacrifice. It's fine to be embarrassed about the smoking, but never, ever, ever be embarrassed about someone working to make money. Reselling merchandise for a profit isn't shady. Be proud of your family and who you are. The other girls at school are assholes, too, and are gonna judge you no matter what you do. ""]"
17,23,17_korean_her_racist_manager,"['korean', 'her', 'racist', 'manager', 'fired', 'she', 'if', 'in', 'to', 'spanish']","['NTA. If you don\'t want her fired, don\'t report her to her manager, tho. IMHO this would be the most likely outcome. Maybe tell her something like ""a lot of people who don\'t look Korean can actually understand Korean""? (in Korean)', 'NTA - if she wants to talk shit, she gets to deal with the consequences. The fact that she\'s assuming you can\'t understand her based on your looks is both stupid and hilarious. That fact that you happen to be Korean is irrelevant; lots of people speak second (and third and fourth) languages. &#x200B; >but I don\'t want her to be in the risk of getting fired. Not your problem. She did you wrong, you\'re within your rights to let management know. If you go pushing for her to be fired over something so trivial, you\'re the asshole. It doesn\'t sound like you\'re not going to do more than notify them of the problem though. If they choose to fire her based on solely this, that may make them the assholes, but is not your problem. For all you know she\'s been a problem employee for a long time and you\'ll give them the excuse to do what they\'ve already been wanting to do based on all sorts of other shit she\'s doing. If this is her only issue if they\'re good people they\'ll talk to her about it and resolve the issue between them. The even more likely scenario is they\'ll tell you ""we\'ll look into it"" and absolutely nothing will happen beyond that. &#x200B; All of the above is not your problem though. If you go looking to put your nose into the specific manner in which they deal with their employee (fire her, don\'t fire her, train her with this specific program, etc), that\'s not your business, and you\'re the asshole. If you just let them know about the problem and let them handle it from there, you\'re not doing anything wrong. &#x200B; Edit: typos.', "">I just want to tell the manager to make her stop shit-talking in Korean but I don't want her to be in the risk of getting fired If you tell the manager, she might be fired. If you just let her know you speak Korean, she will probably stop saying mean things in Korean around you. If that is truly your goal, it seems simple to accomplish without risking her job. NTA in any case. And maybe she does deserve to be reprimanded or fired. I don't think talking to the manager serves the goal you've stated tho. ""]"
18,22,18_american_continent_they_ridiculous,"['american', 'continent', 'they', 'ridiculous', 'americans', 'call', 'are', 'smart', 'usually', 'describe']","[""NTA They are American as well or they are from the Continents of America, but when they suggest you don't call yourself American, do they give an alternate, or are you just not allowed one, which would be ridiculous."", ""NTA They are American as well or they are from the Continents of America, but when they suggest you don't call yourself American, do they give an alternate, or are you just not allowed one, which would be ridiculous."", ""NTA They are American as well or they are from the Continents of America, but when they suggest you don't call yourself American, do they give an alternate, or are you just not allowed one, which would be ridiculous.""]"
19,22,19_ex_brother_my_with,"['ex', 'brother', 'my', 'with', 'him', 'hang', 'out', 'her', 'life', 'your']","['NTA. When I got divorced, my brother asked if it was ok if he still talked to my ex husband and occasionally hung out with him. I\'d been with my ex for almost a decade at that point and my brother enjoyed having a ""bro"" to commiserate with since I\'m his only sibling. I was fine with it, I just didn\'t want my brother giving my ex husband any information on my life after him. Which he was good with. &#x200B; It didn\'t last long for him, because my ex just continually bashed me and complained to my brother how I\'d ruined his life. My brother at one point stopped him mid sentence as was like ""dude, you do realize that is my SISTER you\'re talking about, and if I hear one more nasty word about her come out of your mouth, I\'m going to kick your ass"". He stopped talking to him after that. Didn\'t mention the encounter to me for a few years. I gave him the biggest hug for standing up for me. ', 'NTA. When I got divorced, my brother asked if it was ok if he still talked to my ex husband and occasionally hung out with him. I\'d been with my ex for almost a decade at that point and my brother enjoyed having a ""bro"" to commiserate with since I\'m his only sibling. I was fine with it, I just didn\'t want my brother giving my ex husband any information on my life after him. Which he was good with. &#x200B; It didn\'t last long for him, because my ex just continually bashed me and complained to my brother how I\'d ruined his life. My brother at one point stopped him mid sentence as was like ""dude, you do realize that is my SISTER you\'re talking about, and if I hear one more nasty word about her come out of your mouth, I\'m going to kick your ass"". He stopped talking to him after that. Didn\'t mention the encounter to me for a few years. I gave him the biggest hug for standing up for me. ', 'NTA. When I got divorced, my brother asked if it was ok if he still talked to my ex husband and occasionally hung out with him. I\'d been with my ex for almost a decade at that point and my brother enjoyed having a ""bro"" to commiserate with since I\'m his only sibling. I was fine with it, I just didn\'t want my brother giving my ex husband any information on my life after him. Which he was good with. &#x200B; It didn\'t last long for him, because my ex just continually bashed me and complained to my brother how I\'d ruined his life. My brother at one point stopped him mid sentence as was like ""dude, you do realize that is my SISTER you\'re talking about, and if I hear one more nasty word about her come out of your mouth, I\'m going to kick your ass"". He stopped talking to him after that. Didn\'t mention the encounter to me for a few years. I gave him the biggest hug for standing up for me. ']"
20,21,20_nta_stupid_care_thing,"['nta', 'stupid', 'care', 'thing', 'green', 'game', 'entered', 'caught', 'legit', 'this']","['this is a stupid thing to care about NTA', 'this is a stupid thing to care about NTA', 'this is a stupid thing to care about NTA']"
21,20,21_him_break_he_yta,"['him', 'break', 'he', 'yta', 'want', 'up', 'girl', 'you', 'happy', 'once']","['YTA. He’s trying to provide for you. I get that girls can be mean. I was a teenage girl once. But damn give the man a break', 'YTA. He’s trying to provide for you. I get that girls can be mean. I was a teenage girl once. But damn give the man a break', 'YTA. He’s trying to provide for you. I get that girls can be mean. I was a teenage girl once. But damn give the man a break']"
22,19,22_money_together_her_she,"['money', 'together', 'her', 'she', 'honest', 'start', 'you', 'for', 'transparency', 'about']","['NTA for being upset. You’re living together and trying to have a child together. There should be transparency between you two. She absolutely should have been honest about the money. Her reasons for not being honest are understandable but no excuse. Moving forward, try asking her if there’s anything else she needs to come clean about so you can start over with total honesty. ', 'NTA for being upset. You’re living together and trying to have a child together. There should be transparency between you two. She absolutely should have been honest about the money. Her reasons for not being honest are understandable but no excuse. Moving forward, try asking her if there’s anything else she needs to come clean about so you can start over with total honesty. ', 'NTA for being upset. You’re living together and trying to have a child together. There should be transparency between you two. She absolutely should have been honest about the money. Her reasons for not being honest are understandable but no excuse. Moving forward, try asking her if there’s anything else she needs to come clean about so you can start over with total honesty. ']"
23,18,23_service_driver_cashier_my,"['service', 'driver', 'cashier', 'my', 'was', 'customers', 'rating', 'rap', 'sexist', 'uber']","['NTA. You are paying this company for a service and should be able to use that service without being exposed to offensive material (violence, racism, etc.) Analogous from my own experience: I was in an Uber where the driver was playing some horribly sexist rap song. I can’t remember the lyrics but it was basically along the lines of “bend the bitch over and fuck her and then she makes me a sandwich” except my grosser. I definitely gave that driver a bad rating and included a comment explaining why. ', 'NTA. You are paying this company for a service and should be able to use that service without being exposed to offensive material (violence, racism, etc.) Analogous from my own experience: I was in an Uber where the driver was playing some horribly sexist rap song. I can’t remember the lyrics but it was basically along the lines of “bend the bitch over and fuck her and then she makes me a sandwich” except my grosser. I definitely gave that driver a bad rating and included a comment explaining why. ', 'NTA. You are paying this company for a service and should be able to use that service without being exposed to offensive material (violence, racism, etc.) Analogous from my own experience: I was in an Uber where the driver was playing some horribly sexist rap song. I can’t remember the lyrics but it was basically along the lines of “bend the bitch over and fuck her and then she makes me a sandwich” except my grosser. I definitely gave that driver a bad rating and included a comment explaining why. ']"
24,18,24_hoa_dogs_documents_rules,"['hoa', 'dogs', 'documents', 'rules', 'they', 'the', 'governing', 'dog', 'them', 'their']","[""NTA, but the HOA may not be able to solve the problem for you. HOAs can only enforce the rules that are written into their governing documents, they don't mediate disputes between neighbors. So the HOA might be able to address the dogs pooping on the HOA property, but not your private property. Are there rules about the number of dogs, if they must be leashed, how often an owner has to pick up dog poop in his own back yard in your governing documents? Does your HOA have the authority to fine written into its documents? Let's say best case scenario, the HOA has rules about all those things, and the governing documents allow them to fine or even require the dogs to be removed if they are deemed a nuisance. And the HOA sends all their letters and fines, and the dog owner ignores them. Deed restrictions are a civil contract - they are enforced in the courts. Do you have a Board of Directors willing to incur the cost of a lawsuit? I would call Animal Control rather than the HOA. Virtually every city has rules about dogs having to be leashed in public, disposal of waste, and keeping the dogs in sanitary condition. And the city will have much more power to enforce than an HOA will. "", ""NTA, but the HOA may not be able to solve the problem for you. HOAs can only enforce the rules that are written into their governing documents, they don't mediate disputes between neighbors. So the HOA might be able to address the dogs pooping on the HOA property, but not your private property. Are there rules about the number of dogs, if they must be leashed, how often an owner has to pick up dog poop in his own back yard in your governing documents? Does your HOA have the authority to fine written into its documents? Let's say best case scenario, the HOA has rules about all those things, and the governing documents allow them to fine or even require the dogs to be removed if they are deemed a nuisance. And the HOA sends all their letters and fines, and the dog owner ignores them. Deed restrictions are a civil contract - they are enforced in the courts. Do you have a Board of Directors willing to incur the cost of a lawsuit? I would call Animal Control rather than the HOA. Virtually every city has rules about dogs having to be leashed in public, disposal of waste, and keeping the dogs in sanitary condition. And the city will have much more power to enforce than an HOA will. "", ""NTA, but the HOA may not be able to solve the problem for you. HOAs can only enforce the rules that are written into their governing documents, they don't mediate disputes between neighbors. So the HOA might be able to address the dogs pooping on the HOA property, but not your private property. Are there rules about the number of dogs, if they must be leashed, how often an owner has to pick up dog poop in his own back yard in your governing documents? Does your HOA have the authority to fine written into its documents? Let's say best case scenario, the HOA has rules about all those things, and the governing documents allow them to fine or even require the dogs to be removed if they are deemed a nuisance. And the HOA sends all their letters and fines, and the dog owner ignores them. Deed restrictions are a civil contract - they are enforced in the courts. Do you have a Board of Directors willing to incur the cost of a lawsuit? I would call Animal Control rather than the HOA. Virtually every city has rules about dogs having to be leashed in public, disposal of waste, and keeping the dogs in sanitary condition. And the city will have much more power to enforce than an HOA will. ""]"
25,17,25_condescending_employee_manager_the,"['condescending', 'employee', 'manager', 'the', 'say', 'enforce', 'asshole', 'you', 'makes', 'can']","['I’m going to say YTA. It’s hard to say whether the employee was really condescending based on your saying it was condescending. By facts, the employee is right. You broke a rule. He chose to enforce it. You also seem to agree the facts were on his side. Your main contention is his condescending tone. I think you could have handled it another way. You handled the situation by saying in beginning it wasn’t a problem the past four years and you spend a lot of money there. True. But said like that, it just smells entitled. You didn’t really acknowledge you broke a rule. What you could have said was - I know we went over the time. Can you do us a favor. I didn’t know it was a big problem. THEN state what you had stated about past four years and 25000. Admit fault which you did do. Then ask for the favor and why you deserve it. And if you have a problem with the tone, say it to his face directly! ', 'I’m going to say YTA. It’s hard to say whether the employee was really condescending based on your saying it was condescending. By facts, the employee is right. You broke a rule. He chose to enforce it. You also seem to agree the facts were on his side. Your main contention is his condescending tone. I think you could have handled it another way. You handled the situation by saying in beginning it wasn’t a problem the past four years and you spend a lot of money there. True. But said like that, it just smells entitled. You didn’t really acknowledge you broke a rule. What you could have said was - I know we went over the time. Can you do us a favor. I didn’t know it was a big problem. THEN state what you had stated about past four years and 25000. Admit fault which you did do. Then ask for the favor and why you deserve it. And if you have a problem with the tone, say it to his face directly! ', 'I’m going to say YTA. It’s hard to say whether the employee was really condescending based on your saying it was condescending. By facts, the employee is right. You broke a rule. He chose to enforce it. You also seem to agree the facts were on his side. Your main contention is his condescending tone. I think you could have handled it another way. You handled the situation by saying in beginning it wasn’t a problem the past four years and you spend a lot of money there. True. But said like that, it just smells entitled. You didn’t really acknowledge you broke a rule. What you could have said was - I know we went over the time. Can you do us a favor. I didn’t know it was a big problem. THEN state what you had stated about past four years and 25000. Admit fault which you did do. Then ask for the favor and why you deserve it. And if you have a problem with the tone, say it to his face directly! ']"
26,17,26_promise_sweetie_amazing_no,"['promise', 'sweetie', 'amazing', 'no', 'hell', 'ok', 'fault', 'better', 'this', 'nta']","[""NTA. And it will get better, I promise. You'll make it through this and have an amazing life."", ""NTA. And it will get better, I promise. You'll make it through this and have an amazing life."", ""NTA. And it will get better, I promise. You'll make it through this and have an amazing life.""]"
27,17,27_american_united_commonly_across,"['american', 'united', 'commonly', 'across', 'silly', 'using', 'states', 'america', 'language', 'americans']","['NTA. This is silly. “American” is the commonly-accepted demonym for people from the U.S. across many languages. Also, just because they could technically call themselves American as well (using a broader definition) doesn’t make you NOT an American, so they shouldn’t have any problem with you using the term. ', 'NTA. This is silly. “American” is the commonly-accepted demonym for people from the U.S. across many languages. Also, just because they could technically call themselves American as well (using a broader definition) doesn’t make you NOT an American, so they shouldn’t have any problem with you using the term. ', 'NTA. This is silly. “American” is the commonly-accepted demonym for people from the U.S. across many languages. Also, just because they could technically call themselves American as well (using a broader definition) doesn’t make you NOT an American, so they shouldn’t have any problem with you using the term. ']"
28,17,28_family_she_relationship_her,"['family', 'she', 'relationship', 'her', 'to', 'with', 'your', 'you', 'divorce', 'not']","[""YTA. You are both horribly selfish for bringing a child into this marriage. You do not respect or even like this woman. From your telling, seems like she's in the same place with you, but I'm taking the one-sided version with a grain of salt. The part that makes you specifically the asshole is you're electing to blow up a family to make your exit. You know she won't go for it. You know it will lead to incredible tension among the family you will get to walk away from. You are only doing it because you don't want to put on your big boy pants and have the uncomfortable divorce conversation. You want to create a bigger fire in the family situation to make the break up the lesser drama. How incredibly, irredeemably selfish of you. What a bad way to be a parent. "", ""YTA. You are both horribly selfish for bringing a child into this marriage. You do not respect or even like this woman. From your telling, seems like she's in the same place with you, but I'm taking the one-sided version with a grain of salt. The part that makes you specifically the asshole is you're electing to blow up a family to make your exit. You know she won't go for it. You know it will lead to incredible tension among the family you will get to walk away from. You are only doing it because you don't want to put on your big boy pants and have the uncomfortable divorce conversation. You want to create a bigger fire in the family situation to make the break up the lesser drama. How incredibly, irredeemably selfish of you. What a bad way to be a parent. "", ""Nta. He died 2.5 years ago. That's a pretty long grieving period. I understand her maintaining a close bond with them, but for her to not see her own (though you can't assume she has a good relationship with them anyways) and to ignore yours is just plain rude. If she wasn't ready to let him and his family go, she shouldn't have jumped back into dating. I'm not saying shes not allowed to still grieve, but she is not being fair in the relationship due to her own personal hangups. I mean, replace family with children. I know it's slightly different and more dramatic, but if she is spending all this time with her dead husbands children, barely seeing her own children, and ignoring your children it shows its messed up. I'd say she needs to attend some grief counseling and be calmly and respectfully told she is not putting her 100% effort into her current relationship because of her last one. She is of course allowed to spend time with her ex's family because obviously they are close, but you'd want her to start building those bonds with your family too. You just need to remember, she was married to this guy. She was probably close with his family. You can't expect her to drop a big portion of her life because you think it's weird, because you cannot understand the nature of their relationship and the bond of a shared death. Be respectful of that and apologize for your comments. ""]"
29,16,29_he_transporting_regards_clocked,"['he', 'transporting', 'regards', 'clocked', 'me', 'horrible', 'myself', 'in', 'first', 'unacceptable']","['NTA. Regards of your past, as a medical professional myself, this is unacceptable. If he were alone the whatever but transporting anyone while clocked in to any job really this sounds horrible ', 'NTA. Regards of your past, as a medical professional myself, this is unacceptable. If he were alone the whatever but transporting anyone while clocked in to any job really this sounds horrible ', 'NTA. Regards of your past, as a medical professional myself, this is unacceptable. If he were alone the whatever but transporting anyone while clocked in to any job really this sounds horrible ']"
30,15,30_depression_x200b_he_him,"['depression', 'x200b', 'he', 'him', 'my', 'me', 'his', 'im', 'and', 'for']","['NTA. Maybe NAH but I’ll get to that later. It sounds like you didn’t mean anything bad by what you said. You sound like you were just trying your best to be a loving and supportive spouse. He shouldn’t have reacted the way he did. It was excessive and rude. However, depression can make people say some things they don’t mean. That’s not an excuse to be a jerk or to treat people poorly, but it is an effect of depression. If he recognizes that he sometimes acts out because of his depression and is actively working to fix it, NAH. But if he doesn’t recognize that his reaction was not good and isn’t working on it, there’s a problem. Maybe try going to therapy with him sometime so that you can discuss these issues and why certain things upset him. Then you can both understand the issue better and address it together. ', 'NTA Im actually in a compassion in Healthcare lecture as i write this. Maybe you can learn from this. People hate and even get angry when given sympathy. They dont want your sympathy, they want empathy and compassion. &#x200B; I feel like you really care so maybe do something nice for him to cheer him up? Buy or do something for him that he loves. &#x200B; ""Aw im sorry you feel that way"" does nothing for people who are feeling down. &#x200B; When my dog died to imha. I lost my shit. I was so upset for up to 9 months. She died in my arms gasping for breath. It really messed me up. When I told my co workers, friends, family friends EVEN my gf. They all replied with ""Im sorry to hear that"". Not even my gf could make me feel better, her comment ""Im sorry babe"" did absolutely nothing for me. I know she meant for the best but it was worthless to me. &#x200B; Now, I went on a page called ImHA for dogs. Where all people with dogs that have the same condition gathered and helped each other and empathised with each other. When I posted about my dogs death, I was consoled by hundred and hundreds of strangers who had never met me in real life. THEY knew what i was going through and for some reason their comments made me feel so much better. ""Your dog (ghostie) is playing on the side with my dog Cassie who just passed 3 days ago too"" &#x200B; It was really odd that these strangers could give me so much more comfort than my best friends and my gf just because they knew what I had been through without being required to explain myself. Sometimes we just dont wanna talk about it &#x200B; &#x200B;', 'NTA Im actually in a compassion in Healthcare lecture as i write this. Maybe you can learn from this. People hate and even get angry when given sympathy. They dont want your sympathy, they want empathy and compassion. &#x200B; I feel like you really care so maybe do something nice for him to cheer him up? Buy or do something for him that he loves. &#x200B; ""Aw im sorry you feel that way"" does nothing for people who are feeling down. &#x200B; When my dog died to imha. I lost my shit. I was so upset for up to 9 months. She died in my arms gasping for breath. It really messed me up. When I told my co workers, friends, family friends EVEN my gf. They all replied with ""Im sorry to hear that"". Not even my gf could make me feel better, her comment ""Im sorry babe"" did absolutely nothing for me. I know she meant for the best but it was worthless to me. &#x200B; Now, I went on a page called ImHA for dogs. Where all people with dogs that have the same condition gathered and helped each other and empathised with each other. When I posted about my dogs death, I was consoled by hundred and hundreds of strangers who had never met me in real life. THEY knew what i was going through and for some reason their comments made me feel so much better. ""Your dog (ghostie) is playing on the side with my dog Cassie who just passed 3 days ago too"" &#x200B; It was really odd that these strangers could give me so much more comfort than my best friends and my gf just because they knew what I had been through without being required to explain myself. Sometimes we just dont wanna talk about it &#x200B; &#x200B;']"
31,14,31_usage_common_american_entered,"['usage', 'common', 'american', 'entered', 'argentine', 'ago', 'united', 'btw', 'states', 'long']","['NTA - American entered the common usage a long time ago. ', 'NTA - American entered the common usage a long time ago. ', 'NTA - American entered the common usage a long time ago. ']"
32,13,32_line_services_in_faster,"['line', 'services', 'in', 'faster', 'the', 'just', 'pay', 'extra', 'doing', 'mentality']","['YTA. When you’re in a line, you don’t have the right to be checked out first in general, you just have the right to go in your spot in that line. What you’re doing is essentially the same as getting mad at someone who came to the checkout area after you but picked a faster line so they got rung up ahead of you. Just because you’re in one line, doesn’t mean you automatically have the right to go first in the next line. That one is a free for all when it opens up, and it’s not rude for people in the back of the line to move over. If you wanted to get in the other line, you should be the faster one to get in. The line rushers (as long as they aren’t pushing people over to get in line) are not doing anything rude, and most cashiers will actually call the person in the back of the other line over to the new open one. ', 'YTA. When you’re in a line, you don’t have the right to be checked out first in general, you just have the right to go in your spot in that line. What you’re doing is essentially the same as getting mad at someone who came to the checkout area after you but picked a faster line so they got rung up ahead of you. Just because you’re in one line, doesn’t mean you automatically have the right to go first in the next line. That one is a free for all when it opens up, and it’s not rude for people in the back of the line to move over. If you wanted to get in the other line, you should be the faster one to get in. The line rushers (as long as they aren’t pushing people over to get in line) are not doing anything rude, and most cashiers will actually call the person in the back of the other line over to the new open one. ', 'YTA. When you’re in a line, you don’t have the right to be checked out first in general, you just have the right to go in your spot in that line. What you’re doing is essentially the same as getting mad at someone who came to the checkout area after you but picked a faster line so they got rung up ahead of you. Just because you’re in one line, doesn’t mean you automatically have the right to go first in the next line. That one is a free for all when it opens up, and it’s not rude for people in the back of the line to move over. If you wanted to get in the other line, you should be the faster one to get in. The line rushers (as long as they aren’t pushing people over to get in line) are not doing anything rude, and most cashiers will actually call the person in the back of the other line over to the new open one. ']"
33,13,33_decision_adopting_before_big,"['decision', 'adopting', 'before', 'big', 'deadline', 'math', 'month', 'moving', 'minds', 'planning']","[""YTA. Moving is a big decision and most people do math and planning *before* making a big decision. So that they don't change their minds a month before the deadline. "", ""YTA. Moving is a big decision and most people do math and planning *before* making a big decision. So that they don't change their minds a month before the deadline. "", ""YTA. Moving is a big decision and most people do math and planning *before* making a big decision. So that they don't change their minds a month before the deadline. ""]"
34,13,34_earbud_driver_bus_was,"['earbud', 'driver', 'bus', 'was', 'shades', 'headphones', 'ear', 'bud', 'retarded', 'car']","['When I read the title I was expecting something like 50 shades but Jesus Christ wtf was that guy thinking listening to that without headphones on and with other people in the car? NTA besides the fact that’s wildly unprofessional it’s really fucked up', 'When I read the title I was expecting something like 50 shades but Jesus Christ wtf was that guy thinking listening to that without headphones on and with other people in the car? NTA besides the fact that’s wildly unprofessional it’s really fucked up', 'When I read the title I was expecting something like 50 shades but Jesus Christ wtf was that guy thinking listening to that without headphones on and with other people in the car? NTA besides the fact that’s wildly unprofessional it’s really fucked up']"
35,13,35_phone_evidence_through_proved,"['phone', 'evidence', 'through', 'proved', 'someone', 'would', 'situation', 'illegally', 'obtained', 'wrongdoing']","['NTA. Nothing wrong with going through someone\'s phone. All is fair in love and war. AND....in this situation, the information you got proved to be helpful. Had you taken the common viewpoint of ""it\'s wrong to look through someone\'s phone"" or ""you should trust your GF/BF"" then you would have never known, and you would have wasted even more time with her. ', 'NTA. Nothing wrong with going through someone\'s phone. All is fair in love and war. AND....in this situation, the information you got proved to be helpful. Had you taken the common viewpoint of ""it\'s wrong to look through someone\'s phone"" or ""you should trust your GF/BF"" then you would have never known, and you would have wasted even more time with her. ', 'NTA. Nothing wrong with going through someone\'s phone. All is fair in love and war. AND....in this situation, the information you got proved to be helpful. Had you taken the common viewpoint of ""it\'s wrong to look through someone\'s phone"" or ""you should trust your GF/BF"" then you would have never known, and you would have wasted even more time with her. ']"
36,13,36_he_was_yta_his,"['he', 'was', 'yta', 'his', 'wasn', 'pic', 'it', 'why', 'handling', 'you']","[""YTA. He was clearly already handling the situation. He wasn't hiding your existence or using her to inflate his own ego. He probably didn't tell you because he knew you would push the boundary. "", 'YTA Yeah...I’m not buying the: “Oh I was just on his phone for a joke” line... we all know why you were. Hence the anonymity or you’d just be posting this completely honesty on your normal account. Sounds like he was dealing with it perfectly well on his own, it’s normal for you to be taken aback by it, BUT you have no right to decide who he does and doesn’t speak to, OR to speak for him. That kind of controlling behaviour is the death of good relationships. ', 'YTA First of all, you shouldn’t be snooping in the first place. Even if “he does it too” and it was just a “little game”, you violated his privacy. This girl was at the bottom of his text list as you say, so clearly you were looking through all his messages. Obviously it might be a little alarming to find out someone is flirting with your SO, but he seems to have made it clear to her that he’s not interested AND that he’s taken, so I don’t think she was any threat to you and you really didn’t need to step in. Unless there were some other serious red flags to suggest to you he was being unfaithful, YTA.']"
37,13,37_shelf_bill_him_send,"['shelf', 'bill', 'him', 'send', 'nta', 'now', 'supportive', 'taking', 'feelings', 'out']","['NTA. Now send him a bill for the shelf.', 'NTA. Now send him a bill for the shelf.', 'NTA. Now send him a bill for the shelf.']"
38,12,38_christmas_her_ideas_you,"['christmas', 'her', 'ideas', 'you', 'mother', 'she', 'whether', 'it', 'about', 'not']","['YTA. Perfectly fine to not be into Christmas. However you obviously know your mother is, and that it means a lot to her. To insinuate her motives, saying it’s only for her, is extremely rude. I mean you have to know that it’s a heartbreaking thing for a mother to hear her child doesn’t care about Christmas anymore, but you stated it bluntly and then followed it up by saying she is tossing her childhood baggage on you. So now, not only does she think you don’t want to participate in Christmas but she feels like a burden on the rest of her family which is the exact opposite of what she wanted. Your still young, and seem pretty bright and have well drawn out conclusions you’ve thought about. But if you love your mother, sometimes it’s about enduring it for their sake. Not making them feel bad when really to you it isn’t hurting you in any way other than being slightly annoying. When your 28 and on your own you’ll regret the times you didn’t avoid hurting her when you could’ve just played along, especially if she is a good mom otherwise. If you are me anyway, you may be different but that’s my experience,', 'YTA. Perfectly fine to not be into Christmas. However you obviously know your mother is, and that it means a lot to her. To insinuate her motives, saying it’s only for her, is extremely rude. I mean you have to know that it’s a heartbreaking thing for a mother to hear her child doesn’t care about Christmas anymore, but you stated it bluntly and then followed it up by saying she is tossing her childhood baggage on you. So now, not only does she think you don’t want to participate in Christmas but she feels like a burden on the rest of her family which is the exact opposite of what she wanted. Your still young, and seem pretty bright and have well drawn out conclusions you’ve thought about. But if you love your mother, sometimes it’s about enduring it for their sake. Not making them feel bad when really to you it isn’t hurting you in any way other than being slightly annoying. When your 28 and on your own you’ll regret the times you didn’t avoid hurting her when you could’ve just played along, especially if she is a good mom otherwise. If you are me anyway, you may be different but that’s my experience,', 'YTA. Perfectly fine to not be into Christmas. However you obviously know your mother is, and that it means a lot to her. To insinuate her motives, saying it’s only for her, is extremely rude. I mean you have to know that it’s a heartbreaking thing for a mother to hear her child doesn’t care about Christmas anymore, but you stated it bluntly and then followed it up by saying she is tossing her childhood baggage on you. So now, not only does she think you don’t want to participate in Christmas but she feels like a burden on the rest of her family which is the exact opposite of what she wanted. Your still young, and seem pretty bright and have well drawn out conclusions you’ve thought about. But if you love your mother, sometimes it’s about enduring it for their sake. Not making them feel bad when really to you it isn’t hurting you in any way other than being slightly annoying. When your 28 and on your own you’ll regret the times you didn’t avoid hurting her when you could’ve just played along, especially if she is a good mom otherwise. If you are me anyway, you may be different but that’s my experience,']"
39,12,39_fat_wife_friends_your,"['fat', 'wife', 'friends', 'your', 'her', 'bodies', 'gym', 'isn', 'she', 'agreed']","[""YTA X50. ssdfdsfsaasd really? you think thats fat? You understand women have fat on their bodies without being obese, right? And even if I agreed with you and said she was fat, which she isn't, thats a damned mean thing to say. Let's get a picture of you, pick apart your appearance and see if youre happy with us for being 'realistic'."", 'YTA. Holy shit. Firstly, for her weight and height, your wife is not fat. Her BMI would be on the heavier end of healthy. Plus, she’s going to the gym I’m assuming for self-improvement? I can’t help but wonder if she’s as comfortable with her weight as you think, and if maybe the fact that her husband goes around calling her fat has anything to do with it. Your friends shouldn’t be talking about her body, period, but especially not in a disparaging way. They were making fun of you for being with her. I’d be really hurt if I were her, and really uncomfortable around these friends. In her own home too? ', ""YTA. Being fat isn't an issue. It's a fairly innocuous adjective that unfortunately has negative connotations due to societal standards. Some fat people don't mind being called fat; others do. It's a personal preference thing. The issue isn't that your wife isn't fat but you called her fat, or that she is and you offended her. The problem here is that your buddies framed the notion of fatness as an insult, i.e. chubby chaser, and you agreed with them. The problem here is that you prioritized your reputation with your friends over defending your wife, someone you presumably plan on spending your life with. ""]"
40,12,40_tight_assholes_note_parent,"['tight', 'assholes', 'note', 'parent', 'ends', 'yells', 'argument', 'described', 'stuck', 'hold']","[""YTA, for reasons you clearly stated >So am I an asshole for being a stuck up teenage girls who yells at her dad for trying to make ends meet? side note: literally none of the people you've described are worth talking to, much less an argument with a parent."", ""YTA, for reasons you clearly stated >So am I an asshole for being a stuck up teenage girls who yells at her dad for trying to make ends meet? side note: literally none of the people you've described are worth talking to, much less an argument with a parent."", ""YTA, for reasons you clearly stated >So am I an asshole for being a stuck up teenage girls who yells at her dad for trying to make ends meet? side note: literally none of the people you've described are worth talking to, much less an argument with a parent.""]"
41,12,41_room_dave_live_new,"['room', 'dave', 'live', 'new', 'place', 'claire', 'conference', 'stay', 'abby', 'cohort']","['YTA. Live Dave said, you waited until pretty last minute to change things after he already bought a place. You didn’t give him too much of a heads up in finding a new place/new roommate either. It probably would’ve been cheaper for Dave to live in a split house, and he probably still wants to live with you, but now it’s too late. You should’ve considered your options earlier instead of 2 weeks before Dave moves into his new house. ', 'YTA. Live Dave said, you waited until pretty last minute to change things after he already bought a place. You didn’t give him too much of a heads up in finding a new place/new roommate either. It probably would’ve been cheaper for Dave to live in a split house, and he probably still wants to live with you, but now it’s too late. You should’ve considered your options earlier instead of 2 weeks before Dave moves into his new house. ', 'YTA. Live Dave said, you waited until pretty last minute to change things after he already bought a place. You didn’t give him too much of a heads up in finding a new place/new roommate either. It probably would’ve been cheaper for Dave to live in a split house, and he probably still wants to live with you, but now it’s too late. You should’ve considered your options earlier instead of 2 weeks before Dave moves into his new house. ']"
